Region,Electricity Generation (GWh)
Africa,16247933.787676442
Americas,153143096.7733888
Asia,245590511.935
Europe,114949585.112
Oceania,7205641.78
